{"categorical_accuracy": [0.3235459327697754, 0.5415306091308594, 0.6358801126480103, 0.6829719543457031, 0.7131377458572388, 0.7358800768852234, 0.7593239545822144, 0.7726530432701111, 0.7844005227088928, 0.796288251876831, 0.8037117123603821, 0.810344398021698, 0.8167219161987305, 0.8264413475990295, 0.825012743473053, 0.8305612206459045, 0.8346173763275146, 0.8394515514373779, 0.8435331583023071, 0.8478316068649292, 0.8512882590293884, 0.8551403284072876, 0.8584566116333008, 0.8643367290496826, 0.8649107217788696, 0.8695918321609497, 0.8725892901420593, 0.8755484819412231, 0.8781377673149109, 0.8820663094520569, 0.8858163356781006, 0.8861097097396851, 0.8877168297767639, 0.8904719352722168, 0.8925254940986633, 0.8932525515556335, 0.8986479640007019, 0.8990561366081238, 0.9004336595535278, 0.9016454219818115, 0.9031887650489807, 0.905676007270813, 0.9055101871490479, 0.9081887602806091, 0.9104464054107666, 0.9105101823806763, 0.911147952079773, 0.9139795899391174, 0.9168239831924438, 0.9157270193099976, 0.9184821248054504, 0.9181122183799744, 0.9190178513526917, 0.9228699207305908, 0.9227678775787354, 0.9211606979370117, 0.9249617457389832, 0.9246556162834167, 0.9249107241630554, 0.9271938800811768, 0.9271811246871948, 0.9272704124450684, 0.9299362301826477, 0.929311215877533, 0.9317729473114014, 0.9307908415794373, 0.9331122636795044, 0.9323979616165161, 0.9325637817382812, 0.9345535635948181, 0.935535728931427, 0.935535728931427, 0.9339668154716492, 0.9361479878425598], "loss": [1.667709231376648, 1.0801937580108643, 0.8230462670326233, 0.7342536449432373, 0.6776018738746643, 0.6285925507545471, 0.5866338014602661, 0.5559584498405457, 0.5296419858932495, 0.5043266415596008, 0.48866045475006104, 0.47342929244041443, 0.4562765061855316, 0.43929746747016907, 0.4378717541694641, 0.4274763762950897, 0.4165928065776825, 0.4088630974292755, 0.40085890889167786, 0.3887082040309906, 0.38131633400917053, 0.371679425239563, 0.3687243163585663, 0.3515894114971161, 0.3496294915676117, 0.33824896812438965, 0.3298466205596924, 0.32465213537216187, 0.3178553879261017, 0.30845969915390015, 0.3052913248538971, 0.30272942781448364, 0.2957112491130829, 0.2895999848842621, 0.28702452778816223, 0.2850293815135956, 0.2714746594429016, 0.26816678047180176, 0.2661161422729492, 0.26317447423934937, 0.2607822120189667, 0.2539752721786499, 0.2561231255531311, 0.25072580575942993, 0.24214808642864227, 0.24328115582466125, 0.24280953407287598, 0.23726078867912292, 0.23116561770439148, 0.22915327548980713, 0.22701993584632874, 0.22412849962711334, 0.22197313606739044, 0.21535487473011017, 0.2164449691772461, 0.21976475417613983, 0.2102285772562027, 0.20821882784366608, 0.2078661173582077, 0.20170298218727112, 0.2024870365858078, 0.20393072068691254, 0.19575446844100952, 0.19988439977169037, 0.1932358294725418, 0.19404463469982147, 0.18846610188484192, 0.19279156625270844, 0.19053217768669128, 0.18611343204975128, 0.18194738030433655, 0.18197104334831238, 0.18611901998519897, 0.1814061999320984], "val_categorical_accuracy": [0.48345237970352173, 0.5846726298332214, 0.6597321629524231, 0.6815476417541504, 0.7044345140457153, 0.7206547856330872, 0.7334821224212646, 0.7409523725509644, 0.7430059313774109, 0.7629166841506958, 0.7715476155281067, 0.7757440209388733, 0.7621428370475769, 0.773065447807312, 0.7813988327980042, 0.7882440686225891, 0.7903571724891663, 0.7936905026435852, 0.7872916460037231, 0.789851188659668, 0.7989285588264465, 0.787886917591095, 0.7852976322174072, 0.8001190423965454, 0.805684506893158, 0.8126190304756165, 0.816011905670166, 0.8140773773193359, 0.8160416483879089, 0.8156844973564148, 0.8283631205558777, 0.8244345188140869, 0.822857141494751, 0.8203868865966797, 0.8159226179122925, 0.8332440257072449, 0.8202083110809326, 0.8389880657196045, 0.8252381086349487, 0.8424107432365417, 0.8374999761581421, 0.8355357050895691, 0.84354168176651, 0.836934506893158, 0.8372619152069092, 0.8402678370475769, 0.84395831823349, 0.8387797474861145, 0.8413988351821899, 0.8446130752563477, 0.8399404883384705, 0.840624988079071, 0.8484523892402649, 0.8520535826683044, 0.8468452095985413, 0.8580357432365417, 0.8522916436195374, 0.8251785635948181, 0.8350595235824585, 0.8495535850524902, 0.8519642949104309, 0.8549702167510986, 0.8563988208770752, 0.864047646522522, 0.8569345474243164, 0.8487499952316284, 0.8511309623718262, 0.8512499928474426, 0.8577678799629211, 0.8674702644348145, 0.8582738041877747, 0.8633928298950195, 0.8569047451019287, 0.8621131181716919], "val_loss": [1.276942253112793, 0.9384854435920715, 0.7514249682426453, 0.7263420820236206, 0.6859185099601746, 0.6529529094696045, 0.6236610412597656, 0.6131497025489807, 0.6301196813583374, 0.5655525922775269, 0.5533618330955505, 0.5384908318519592, 0.5919809341430664, 0.5594709515571594, 0.5286164879798889, 0.5198770761489868, 0.5083682537078857, 0.5031608939170837, 0.5123326778411865, 0.5262404680252075, 0.48817819356918335, 0.5372103452682495, 0.552284300327301, 0.49613088369369507, 0.49095267057418823, 0.46957796812057495, 0.45954227447509766, 0.46269848942756653, 0.45344167947769165, 0.46320411562919617, 0.4378511607646942, 0.43673446774482727, 0.4505927860736847, 0.45504701137542725, 0.49219220876693726, 0.4254339039325714, 0.4735390245914459, 0.4157470762729645, 0.4533971846103668, 0.40805891156196594, 0.42139947414398193, 0.43337252736091614, 0.40925392508506775, 0.4357474446296692, 0.43647295236587524, 0.432840496301651, 0.404042512178421, 0.42583754658699036, 0.4344150424003601, 0.4173351526260376, 0.43910637497901917, 0.4367333650588989, 0.39872702956199646, 0.39866119623184204, 0.4171953797340393, 0.38322368264198303, 0.41774222254753113, 0.5184304714202881, 0.4712161123752594, 0.4191538095474243, 0.402804970741272, 0.3920972943305969, 0.4013126790523529, 0.3680035173892975, 0.3994114398956299, 0.4015345275402069, 0.4050878882408142, 0.4074220061302185, 0.38679271936416626, 0.3733058571815491, 0.39478546380996704, 0.3867706060409546, 0.3928464353084564, 0.4016287624835968]}