{"categorical_accuracy": [0.3553316295146942, 0.5513010025024414, 0.624413251876831, 0.6888010501861572, 0.7328444123268127, 0.7684566378593445, 0.7979209423065186, 0.8177295923233032, 0.8366199135780334, 0.8468367457389832, 0.8584438562393188, 0.8709056377410889, 0.8753443956375122, 0.8802295923233032, 0.8886224627494812, 0.8928954005241394, 0.8976530432701111, 0.901364803314209, 0.9065688848495483, 0.9114668369293213, 0.914451539516449, 0.9167602062225342, 0.9204464554786682, 0.9247576594352722, 0.925191342830658, 0.928533136844635, 0.9290178418159485, 0.934374988079071, 0.9366964101791382, 0.9371045827865601, 0.9377678632736206, 0.936926007270813, 0.9412117600440979, 0.9424744844436646, 0.9436607360839844, 0.9471173286437988, 0.9464796185493469, 0.9476913213729858, 0.9487755298614502, 0.9473086595535278, 0.9496811032295227, 0.9520407915115356, 0.953698992729187, 0.9532908201217651, 0.9520918130874634, 0.9549872279167175, 0.9550127387046814, 0.9567219614982605, 0.9571555852890015, 0.9569132924079895, 0.9577423334121704, 0.9579846858978271, 0.9590944051742554, 0.9585586786270142, 0.9585459232330322, 0.9597321152687073, 0.9596555829048157, 0.9592474699020386, 0.9619260430335999, 0.9606505036354065, 0.9617347121238708, 0.9628443717956543, 0.9630357027053833, 0.9624234437942505, 0.9638392925262451, 0.9629974365234375, 0.9644515514373779, 0.9645663499832153, 0.9641964435577393, 0.9663648009300232, 0.9661352038383484, 0.9663775563240051, 0.9656122326850891, 0.9666071534156799, 0.9665178656578064, 0.9656632542610168, 0.9674872159957886, 0.9655994772911072, 0.9663392901420593], "loss": [1.5873174667358398, 0.9944919943809509, 0.8261231184005737, 0.7234205007553101, 0.6391652226448059, 0.5720370411872864, 0.5107748508453369, 0.4646250605583191, 0.4215905964374542, 0.3972867727279663, 0.37431880831718445, 0.3463457524776459, 0.3330915570259094, 0.32238438725471497, 0.3006443679332733, 0.2905125319957733, 0.27506762742996216, 0.2692403197288513, 0.2521646320819855, 0.24385201930999756, 0.2343439906835556, 0.22811667621135712, 0.21990899741649628, 0.21098296344280243, 0.20946331322193146, 0.19886702299118042, 0.19957812130451202, 0.18823464214801788, 0.18197181820869446, 0.17921891808509827, 0.17838610708713531, 0.17774727940559387, 0.16632714867591858, 0.16290582716464996, 0.16071179509162903, 0.1540032923221588, 0.15618565678596497, 0.14940157532691956, 0.14943280816078186, 0.15280389785766602, 0.14590972661972046, 0.13767686486244202, 0.13433562219142914, 0.1352766454219818, 0.14318694174289703, 0.13271701335906982, 0.13362781703472137, 0.12843823432922363, 0.12617869675159454, 0.12726517021656036, 0.12255208939313889, 0.12685805559158325, 0.12000251561403275, 0.12294849753379822, 0.12399832904338837, 0.11755328625440598, 0.12029387801885605, 0.12243776768445969, 0.11675919592380524, 0.11912399530410767, 0.11554784327745438, 0.11199671030044556, 0.11098292469978333, 0.1133059486746788, 0.10710155218839645, 0.11139420419931412, 0.10545842349529266, 0.107157863676548, 0.107190802693367, 0.10259049385786057, 0.10098759829998016, 0.10126926749944687, 0.1044076532125473, 0.10151726007461548, 0.10228773206472397, 0.10498812049627304, 0.09928151220083237, 0.10240329056978226, 0.10296975076198578], "val_categorical_accuracy": [0.4850892722606659, 0.590029776096344, 0.6301488280296326, 0.6922321319580078, 0.7175595164299011, 0.7418749928474426, 0.7668750286102295, 0.7862202525138855, 0.7817261815071106, 0.7850297689437866, 0.7985714077949524, 0.817589282989502, 0.8217856884002686, 0.8151190280914307, 0.8289880752563477, 0.8225892782211304, 0.816428542137146, 0.8204464316368103, 0.8336607217788696, 0.8493452668190002, 0.844345211982727, 0.8510416746139526, 0.8552083373069763, 0.8594642877578735, 0.8598809242248535, 0.8667857050895691, 0.8461607098579407, 0.8500893115997314, 0.8745833039283752, 0.85916668176651, 0.873244047164917, 0.870119035243988, 0.8744345307350159, 0.8684821724891663, 0.8703571557998657, 0.8776488304138184, 0.8841071724891663, 0.883988082408905, 0.8865476250648499, 0.8881547451019287, 0.8869940638542175, 0.8777083158493042, 0.8894940614700317, 0.8852083086967468, 0.890625, 0.8864583373069763, 0.8850595355033875, 0.8823809623718262, 0.8935118913650513, 0.8691964149475098, 0.8831547498703003, 0.8817856907844543, 0.883601188659668, 0.8943750262260437, 0.8631547689437866, 0.8924702405929565, 0.8962202668190002, 0.8861607313156128, 0.8723214268684387, 0.8980952501296997, 0.8910714387893677, 0.8901785612106323, 0.8929166793823242, 0.893958330154419, 0.8945237994194031, 0.8903868794441223, 0.8952083587646484, 0.8933333158493042, 0.9049404859542847, 0.9050595164299011, 0.8842262029647827, 0.8936011791229248, 0.8969047665596008, 0.8973214030265808, 0.9016666412353516, 0.8986309766769409, 0.9055952429771423, 0.8977678418159485, 0.8902678489685059], "val_loss": [1.2197374105453491, 0.8950609564781189, 0.8700539469718933, 0.7046716809272766, 0.69199538230896, 0.6206249594688416, 0.5594331622123718, 0.5246765613555908, 0.5525515079498291, 0.5578266382217407, 0.49119460582733154, 0.4650271236896515, 0.464677631855011, 0.46852269768714905, 0.44203123450279236, 0.465157151222229, 0.4865265190601349, 0.46645793318748474, 0.44813087582588196, 0.3944517970085144, 0.41805559396743774, 0.4012039005756378, 0.3902842700481415, 0.3803832530975342, 0.3814176023006439, 0.3620125949382782, 0.4559081494808197, 0.43233445286750793, 0.3530411124229431, 0.41815829277038574, 0.3739871084690094, 0.3626970052719116, 0.348459392786026, 0.3800818920135498, 0.37170207500457764, 0.3471475839614868, 0.3330923616886139, 0.3380735218524933, 0.32111692428588867, 0.33325132727622986, 0.3241213262081146, 0.36762410402297974, 0.3227038085460663, 0.3369956612586975, 0.32735660672187805, 0.3354654014110565, 0.33102887868881226, 0.3586373031139374, 0.3204197287559509, 0.39756807684898376, 0.3549724817276001, 0.3614289462566376, 0.3433973789215088, 0.3150898814201355, 0.4309850037097931, 0.3366011381149292, 0.3162004053592682, 0.34578627347946167, 0.39446842670440674, 0.30320072174072266, 0.3277287781238556, 0.3497925400733948, 0.3440122902393341, 0.32162222266197205, 0.33634665608406067, 0.3515833914279938, 0.32937461137771606, 0.3325479030609131, 0.28938689827919006, 0.30625709891319275, 0.3870096802711487, 0.34237363934516907, 0.33087530732154846, 0.3397520184516907, 0.3142281174659729, 0.31728148460388184, 0.29060760140419006, 0.319911926984787, 0.3455217182636261]}