{"categorical_accuracy": [0.31100764870643616, 0.5215688943862915, 0.6849872469902039, 0.8004847168922424, 0.864642858505249, 0.9021046161651611, 0.9238520264625549, 0.9377168416976929, 0.9469897747039795, 0.9537372589111328, 0.9590051174163818, 0.9622194170951843, 0.9667602181434631, 0.968176007270813, 0.9722321629524231, 0.9727423191070557, 0.975803554058075, 0.9748214483261108, 0.9782652854919434, 0.9792474508285522, 0.9784821271896362, 0.979872465133667, 0.9795280694961548, 0.9803699254989624, 0.9821683764457703, 0.981454074382782, 0.9820663332939148, 0.983992338180542, 0.9839158058166504, 0.9841071367263794, 0.984375, 0.9856760501861572, 0.9848724603652954, 0.9858928322792053, 0.9855484962463379, 0.9860458970069885, 0.9852806329727173, 0.9863010048866272, 0.9867601990699768, 0.9869897961616516, 0.9871938824653625, 0.9877806305885315, 0.9872193932533264, 0.9881377816200256], "loss": [1.7340792417526245, 1.186103105545044, 0.7818595767021179, 0.5180696845054626, 0.36823734641075134, 0.275013267993927, 0.21423077583312988, 0.17861124873161316, 0.15385349094867706, 0.13543978333473206, 0.1210780069231987, 0.11308374255895615, 0.0998702421784401, 0.09768883883953094, 0.08713382482528687, 0.08511979132890701, 0.07594841718673706, 0.07905341684818268, 0.06858842819929123, 0.0652899444103241, 0.06812994927167892, 0.06468771398067474, 0.06683772802352905, 0.06694946438074112, 0.0574774295091629, 0.06362467259168625, 0.06044194474816322, 0.05206778272986412, 0.055029645562171936, 0.05442041531205177, 0.0531310960650444, 0.04770500585436821, 0.05214521288871765, 0.04917600378394127, 0.05140126124024391, 0.050445202738046646, 0.0503760501742363, 0.048839494585990906, 0.047899410128593445, 0.04552827775478363, 0.04583723470568657, 0.04468157887458801, 0.04689742997288704, 0.041342366486787796], "val_categorical_accuracy": [0.4846428632736206, 0.5444047451019287, 0.6877381205558777, 0.8116071224212646, 0.8320237994194031, 0.8641369342803955, 0.8734821677207947, 0.8801190257072449, 0.8927083611488342, 0.9015476107597351, 0.9089881181716919, 0.9105654954910278, 0.903333306312561, 0.9177380800247192, 0.8887797594070435, 0.9266964197158813, 0.918363094329834, 0.9223511815071106, 0.9280059337615967, 0.9276785850524902, 0.9279166460037231, 0.9352083206176758, 0.9339583516120911, 0.9364880919456482, 0.932023823261261, 0.932440459728241, 0.9328868985176086, 0.9300297498703003, 0.9392856955528259, 0.934166669845581, 0.936339259147644, 0.930863082408905, 0.9401488304138184, 0.9463690519332886, 0.9385714530944824, 0.9180654883384705, 0.9348511695861816, 0.9439880847930908, 0.9419047832489014, 0.9387797713279724, 0.93729168176651, 0.9092261791229248, 0.9350892901420593, 0.9330357313156128], "val_loss": [1.2759262323379517, 1.120643138885498, 0.8046118021011353, 0.49361199140548706, 0.46261632442474365, 0.3671555817127228, 0.3530745804309845, 0.35079309344291687, 0.2993568181991577, 0.2878498435020447, 0.2641298770904541, 0.25866207480430603, 0.29853177070617676, 0.2440771460533142, 0.357720285654068, 0.2212594747543335, 0.250639945268631, 0.24393266439437866, 0.22121009230613708, 0.2312898486852646, 0.2361597716808319, 0.20785455405712128, 0.21465648710727692, 0.20197536051273346, 0.22495907545089722, 0.22293120622634888, 0.21809792518615723, 0.22938820719718933, 0.20225968956947327, 0.22667109966278076, 0.23961234092712402, 0.23997734487056732, 0.21094250679016113, 0.18932363390922546, 0.2003903090953827, 0.3176472783088684, 0.2108749896287918, 0.19397662580013275, 0.22325178980827332, 0.21006397902965546, 0.23509708046913147, 0.4120398461818695, 0.25863051414489746, 0.25128820538520813]}